,index,nugu,score
0,1,택배 잘 받았어요... 언니 생일선물로 줬는데 만족하더라구요 그런데 같이 온 네이버 뮤직 1개월 이용권이 유효기간이 지난것이 왔어요 구매를 3월에 했는데 쿠폰 기한은 2월 말일 까지네요 네이버 뮤직에 쿠폰을 등록하니 이미 기간이 만료된 쿠폰이라고 나옵니다 쿠폰만 다시 받을 수 없을까요 ?? 이것만 아니면 만점 주고 싶었는데...,4
1,2,"좋은 가격에 잘 산 것 같아요. 단지, 스피커가 필요해서 겸사겸사 산 건데, 인공지능 목소리는 크게 잘 들리는 편이지만, 폰과 연결해서 음악을 틀면 너무 작게 들려요. 최대 볼륨을 해도.. 집밖에서는 거의 스피커 역할을 못할 듯요.",4
2,3,여기서 사는거 서비스센터갔더니 정품이아니고 등록도 안되어있다고 AS안됩니다. 그래서 통신사 고객센터랑 네이버 고객센터 다 물어보고 했는데도 AS센터에서 말하는 등록하는게 없다고합니다. 그냥 고장나면 끝입니다. 1회용이에요. 절대 비추입니다.,1
3,4,좋아요! 재고부족으로 배송이 늦어질수 있다는 안내도 거의 바로 받았고 실제로 배송이 그리 늦지 않았어요! 입금하고 이틀 뒤에 배송이 시작되어 금방 받았습니다. 제품에 하자없고 과대포장도 없어요. 음악 쿠폰도 잘 쓰고 있습니다! 상품 만족도는 두말 할 필요도 없구요,5
4,5,"선물했는데, 샤오미랑 연동이 돼서 공기청정기와 로봇청소기도 쉽게 제어할 수 있고 소리도 깔끔하다며 친구가 매우 만족 합니다~",5
5,6,아침에 일어나기 힘들었는데 클로바가 주요 뉴스 들으면서 잠에서 쉽게 깨는 것 같아요,5
6,7,너무 귀여워요 음질도 나쁘지 않고 다만 노래 음량과 음성 안내 볼륨이 따로 조절이 안되는게 아쉽네요,5
7,8,너무 이쁘고 귀여워요 ㅜㅜ 부모님선물로 샀는데 나중에 제꺼도 살려구요,5
8,9,귀엽고 좋아요 가끔 말을 잘 못 알아듣기느하는데 그래도 귀야워요,5
9,10,선물 하려고 구매했어요 받은 사람이 좋아하네요 뿌듯해요,5
10,11,빠른 배송 및 가성비 모두 만족합니다,5
11,12,배송이 빠르고 좋아요,5
12,13,좋아요아이들이좋아합니다,5
13,14,어버이날 선물로드렸는데 엄청 좋아하시네요,5
14,15,잘못알아듣는게 있지만 그래도 좋아요,4
15,16,너무 좋네요 어머니가 좋아하십니다,5
16,17,인식잘되고 좋네요ㅎㅎ,4
17,18,노래 뉴스 다되네요,5
18,19,배송도 빠르고 좋아요 앙증맞아요,5
19,20,말 잘 알아듣고 귀엽고 스피커 성능도 좋아요~,5
20,21,예전부터 사고싶었는데 드디어 구매했어요,5
21,22,만족 ㅎㅎ ~~!!,5
22,23,딸이 노래불러사줬는데 너무 귀엽고 소리짱짱ㅋㅋ,5
23,24,아주 마음에듭니다 성능도좋네요,5
24,25,친구 선물로 줬더니 맨날써요,5
25,26,좋아용 귀엽고 음질도좋고,5
26,27,크기도 아담하고 소리 음질도 좋네요 인공지능 음성인식도 잘 되는거 같고 한가지 아쉬운점은 멜론이 지원안된다는 점 말고는 없네요,4
27,28,선물로 골랐는데 너무 귀엽네요. 여러 스피커 중에서는 말도 잘 알아듣는 편이에요.,5
28,29,아이가 전자기기를 좋아하는데 클로버로 음악도 알아서 재생하고 좋네요,5
29,30,네이버 뮤직 무제한 이용권도 들어있어요귀엽고 만족해요,5
30,31,인터넷에서사면 유플러스 티비랑 연종이안되네요ㅜㅜ,2
31,32,AI스피커 만족해서 하나 더 사서 선물했네요.,4
32,33,손바닥보다 작네요. 귀여워요. 잘쓸게요.,5
33,34,말도 잘 듣고 똑똑하고 정말 편리해용,5
34,35,생각했던 것 보다 훨씬 좋은 것 같아요~! 반응 속도도 빠르고 음성 인식도 잘 됩니다. 어느정도 제가 사용법 터득하고 부모님 댁에 놔드렸어요! 엄청 좋아하시네요 ㅎㅎ,5
35,36,만족하고 잘쓰고 있습니다,5
36,37,배송 빠르고 안전하게 잘 받았어요 저렴하게 잘산거같아요!,5
37,38,생각보다 많이 작은데 앙증맞아요! 클로버 어플로 쓰는데 인식율이 민감하진 않네요 그래도 스피커기능도 편하고 좋아요!,4
38,39,배송이 정말 빨랐고아직 사용은 안해봤지만샐리가 귀여워서 인테리어 포인트로도 좋아요,5
39,40,봉인씰 개봉되어 왔고 임시로 테이프로 붙여놓으셨네요. 제품은 이상없어 구매합니다,3
40,41,생각보다 앙증맞은 사이즈에 놀랐고말을 잘 알아들어서 기분이 좋았습니다:)다만 앱 설치해서 최신업데이트 확인했는데유인나 목소리 음성지원이 아니되네요.이런경우 어떻게 하는 건지 아시는 분 알려주세요.,4
41,42,아이생일선물로 사주었는데 좋아하네요^^많이파세요^^,5
42,43,좋아요~좋아요~좋아요~좋아요~,5
43,44,음향도 좋고 생각보다 잘알아 들어서 좋네요ㅎㅎ,5
44,45,한달써봤는데 너무 만족합니다. 또 시킬께요.,4
45,46,매우 만족합니다! 귀엽고 성능좋구,5
46,47,배송도 빠르고 클로바도 좋아요,5
47,48,빠른배송 만족합니다,5
48,49,미니미니해요~예상했던 크기보다 훨씬 앙증맞아요. 구입 때보다 가격이 살짝 올랐네요. 잘 구매한듯. 좋아요~,5
49,50,작고 귀여워요!!!!,5
50,51,귀엽고 좋네요.생가보다 말을 더 잘들어서 좋아요.,5
51,52,작아서 놓기 편한데 약간 연동하기가 복잡하네요.,5
52,53,심심할때 괜찮은데 에러가 좀 많아요,3
53,54,잘받았습니다. 조카가 좋아할듯.,5
54,55,편하고 좋아요ㅎㅎㅎ,5
55,56,너무 귀여움.....,5
56,57,샐리 스피커 귀여워요. 블루투스만 되는 것 살까 고민하다가 이걸로 골랐는데 클로바 사기를 잘한 것 같아요. 네이버뮤직이랑 연결해두니 무척 편하네요.,5
57,58,블루투스도 잘 되고음성인식도 잘 됩니다.음향도 괜찮습니다 매우 만족합니다.잔잔한 음악 틀어줘 하면 쭉~~~감상,5
58,59,너무 좋아요 친구 선물인데 너무 좋아했어요. 그리고 판매자분이 너무 친절하세용,5
59,60,원래 샐리 쓰는데 여자친구가 갖고 싶대서 미니도 구매하였습니다. 인식율도 좋고 소리도 미니라 좀 떨어질 줄 알았는데 괜찮네요,5
60,61,"귀여워요 ~ 말도 잘듣는편. 사운드는 보통, 유인나 목소리지원은 안됨",5
61,62,포장도 꼼꼼하고 배송도 빨라요 아직 사용 전이나 만족합니다,5
62,63,포장도 꼼꼼하고 배송도 빨라요 조카선물로 구매했어요 무척좋아합니다 아직 사용 전이나 만족합니다,5
63,64,너무 좋아요!! 가격이 저렴해서 크게 기대안했는데 이젠 없으면 못살 것 같아요,5
64,65,생각보다 똑똑해서 놀랬습니다. 엄마 생신 선물로 샀는데 정말 만족합니다.,5
65,66,스마트한 세상에 스마트한기기 샐리..모든 물어보면 척척 알려주고우리 초딩아이 선생님으로 모셔왔습니다^^,5
66,67,작동도 잘 되고 좋아요,5
67,68,빠르게 배송해주셨고 제품 상태도 좋다고 합니다~ 어머니 댁에서 사용할 거라 아직 설치는 못했지만 잘 되겠죠..?,5
68,69,너무 만족해요 ㅎㅎ,5
69,70,마니 좋아해여~ 잘쓸게요 오키오키오키오키 아이들이 엄청 마니 좋아해여~ 잘쓸게요 오키오키오키오키아이들이 엄청 마니 좋아해여~ 잘쓸게요 오키오키오키오키아이들이 엄청 마니 좋아해여~ 잘쓸게요 오키오키오키오키아이들이 엄청 마니 좋아해여~ 잘쓸게요 오키오키오키오키아이들이 엄청 마니 좋아해여~ 잘쓸게요 오키오키오키오키아이들이 엄청 마니 좋아해여~ 잘쓸게요 오키오키오키오키아이들이 엄청 마니 좋아해여~ 잘쓸게요 오키오키오키오키아이들이 엄청 마니 좋아해여~ 잘쓸게요 오키오키오키오키 마니 좋아해여~ 잘쓸게요 오키오키오키오키 아이들이 엄청 마니 좋아해여~ 잘쓸게요 오키오키오키오키아이들이 엄청 마니 좋아해여~ 잘쓸게요 오키오키오키오키아이들이 엄청 마니 좋아해여~ 잘쓸게요 오키오키오키오키아이들이 엄청 마니 좋아해여~ 잘쓸게요 오키오키오키오키아이들이 엄청 마니 좋아해여~ 잘쓸게요 오키오키오키오키아이들이 엄청 마니 좋아해여~ 잘쓸게요 오키오키오키오키아이들이 엄청 마니 좋아해여~ 잘쓸게요 오키오키오키오키아이들이 엄청 마니 좋아해여~ 잘쓸게요 오키오키오키오키 마니 좋아해여~ 잘쓸게요 오키오키오키오키 아이들이 엄청 마니 좋아해여~ 잘쓸게요 오키오키오키오키아이들이 엄청 마니 좋아해여~ 잘쓸게요 오키오키오키오키아이들이 엄청 마니 좋아해여~ 잘쓸게요 오키오키오키오키아이들이 엄청 마니 좋아해여~ 잘쓸게요 오키오키오키오키아이들이 엄청 마니 좋아해여~ 잘쓸게요 오키오키오키오키아이들이 엄청 마니 좋아해여~ 잘쓸게요 오키오키오키오키아이들이 엄청 마니 좋아해여~ 잘쓸게요 오키오키오키오키아이들이 엄청 마니 좋아해여~ 잘쓸게요 오키오키오키오키 마니 좋아해여~ 잘쓸게요 오키오키오키오키 아이들이 엄청 마니 좋아해여~ 잘쓸게요 오키오키오키오키아이들이 엄청 마니 좋아해여~ 잘쓸게요 오키오키오키오키아이들이 엄청 마니 좋아해여~ 잘쓸게요 오키오키오키오키아이들이 엄청 마니 좋아해여~ 잘쓸게요 오키오키오키오키아이들이 엄청 마니 좋아해여~ 잘쓸게요 오키오키오키오키아이들이 엄청 마니 좋아해여~ 잘쓸게요 오키오키오키오키,5
70,71,정말빠른배송 너무귀여운 디자인 음질더좋고 좋슺니다 재밌게 잘가지고 놀았습니다잘쓰겠습니다~~~저렴하게 잘 구입한것같슴다 홓ㅎㅎ,5
71,72,"좋습니다, 제품자체는 좋아요, 잘켜지고 스피커잘되고 업데이트 설치하려면 좀 기다리고 충전해줘야 되네요~",5
72,73,클로바 1.5미터 정도에서 불러야 잘되네요..아이가 넘 좋아해요~^^,3
73,74,매우 잘들리고 디자인이 깜찍해서 좋아요 ㅋㅋ,5
74,75,오늘 받았는데 아주 잘되요!! 비쥬얼 진심 너무 귀여움 ㅠㅠㅠ 매우 만족입니다~~,5
75,76,귀엽구 이뻐요~~~배송두 빠르구,5
76,77,잘 산것 같네요. 인식율도 좋고,4
77,78,인식이잘되서좋습니다,5
78,79,빠른배송 감사합니다. 뮤직이용권도 감사히 쓰겠늡니다.,5
79,80,노래뿐만이 아니라 6살 아들 동화 읽어주는 기능 정말 좋아요..여러가지로 활용중이에요~~,5
80,81,선물용으로 샀는데 귀엽네요 번창하세요~~,4
81,82,작고 귀엽고 음질도 괜찮고 편리하네요,5
82,83,음성인식도 빠른편이고 음질도 좋네요,4
83,84,선물용으로 자주 구매하고 있습니다.,5
84,85,진자 귀여워요 엄마가 좋아하시네용,5
85,86,애들이 참 좋아하네요 똑똑해요!,5
86,87,배송 빠르고 상품 마음에 들어요,5
87,88,배송도 빠르고 이쁘고 좋습니다.,5
88,89,브라운이 왔어요 ㅋㅋ 귀여워요,5
89,90,좋아요 잘 작동 되요 유용해요,5
90,91,선물용으로 자주 구입합니다.,4
91,92,카카오미니보다 좋네요...ㅎ,5
92,93,디자인도 맘에들고 좋아요,5
93,94,좋아용ㅎㅎ선물용이요,5
94,95,좋아요 사길잘햇어요,5
95,96,너무 귀엽고 좋아요,5
96,97,귀엽고 잘되네요 너무 좋아요 나중에는 iot도 도전 해야겠네요,5
97,98,브라운은 거실에서 사용 중이예요. 멀리서 부르면 2번에 한번은 실패하지만 손을 쓸 수 없을 때 딱 좋네요,3
98,99,배송이 미친듯이빨라요.. 아주 소름돋았습니다. 그리고 넘모 예뻐요 랜덤이라는 것이 살짝 그렇긴하지만 그래도 뭐 둘다 귀여우니까 괜찮습니다.,5
99,100,셀리 말고 브라운 큰거로 샀었는데 고장나서 재구매 한거거든요 생각보다 출력이 괜찮아서 놀랬어요 그런데 단점은 충전을 해놓으면 가끔씩 소리가 나요 띠리링 하고 이것만 개선 되면 정말 좋은 제품 같습니다.,5
100,101,조카들 쓰라고 선물 해줬어요흥미를 느끼면서 잘 사용하고 있는것 같아요,5
101,102,잘 쓰고 있어요 그런데 충전 해도 오래 가질 않네요..그래도 만족입니다,5
102,103,와이파이 안쓰는집에서는 음알이끈기고 안좋네요 후회해요,3
103,104,작은크기에 비해 음질도 나쁘지않고아주 유용합니다,5
104,105,마음에 들어요!~~ 다만 고를 수 없는게 좀 아쉽네요,4
105,106,침대에 두고 쓰는데 자장가도 들려주고 딱이네요.,3
106,107,배송도 빠르고 포장도 꼼꼼하게 잘 받았습니다.,5
107,108,혹시나해서 샀는데 정말 괜찮아요.사람같아여,5
108,109,똑똑하네요 ㅎㅎ아이들이 너무 좋아해요,5
109,110,배송 엄청 빠릅니다. 키큰 클로바 쓰다가 미니로 바꿨는데 작아서 휴대하기두 좋고 귀여워요. 키큰 클로바보다 미니가 더 나은 것같아요.,5
110,111,빠른 배송 저렴한 가격 좋습니다,4
111,112,브라운 왔어요~ 소리 좋아요,5
112,113,음성인식도 잘되고 좋아요,5
113,114,아이들이 좋아합니다,4
114,115,생각보다 귀여웠어요,3
115,116,좋아요 너무 잘 되요,5
116,117,배송빠르고 좋네요.,3
117,118,아이가 좋아 합니다,5
118,119,원하던 브라운으로 와서 더 좋고 너무너무 귀여워요!!,5
119,120,좋아요 브라운 받고싶었는데 라운이였어요 ㅎㅎ,5
120,121,너무 편하고 음질이 안좋을줄 알았는데 너무 좋아요,5
121,122,스피커 사운드가 좋네요 우리 아이가 좋아하네요,5
122,123,배송도 빠르고 잘 도착했어요. 어린이날 선물로 조카 사줬는데 너무 좋아한다고하네요. 음악 어플하고 연동시켜서 좋아하는 노래 실컷 들으라고했어요. 잘 사용하기를...,4
123,124,선물예정이라 아직 사용은 못해봤어요. 배송이 엄청 빠르네요,5
124,125,음성인식도 잘되고 스피커음질도 비교적 괜찮아요 배터리가 좀 빨리 닳는것 빼고는 좋습니다,4
125,126,너무좋네요 너무좋아요,5
126,127,아이들이 갖고싶던 클로버 이쁜가격으로 구매할수있어서 감사합니다~,5
127,128,어버니날 설물로 딱인거같아요! 부모님이 무척 만족해하십니다.,5
128,129,작아서 귀엽네요ㅎㅎ그런데 애들 발음은 잘 못 알아들어요,5
129,130,배송빠루고 맘에들어요 샐리였으면좋앗을듯 ㅠ,5
130,131,구매불가 상품 주셔서 감사합니다,5
131,132,점점더 똑똑해지는 클로버입니다.,4
132,133,조카 어린이날 선물러 사줬네요,5
133,134,애들이 좋아하네요 많이 파세요,4
134,135,배송도 빠르고 물건도좋아요,5
135,136,제조일자가 좀 지난거네요,3
136,137,딱조아요착용감굳굳호이,5
137,138,귀엽고 사용하기 좋아요,4
138,139,직원들 선물용으로 대량구매했는데배송 엄청 빠르네요!감사합니다.,5
139,140,배송도빠르고 넘좋아요,5
140,141,저렴하게 구매했습니다,5
141,142,빠르고 상품문제없네요,5
142,143,조카가 너무 좋아해요,5
143,144,아주 만족스럽습니다,5
144,145,배송이 마우 빨라요,5
145,146,매일 아침마다 클로바가 뉴스 읽어줘요 자기전에 자장가도 틀어주고 알람도 울려주고 노래도 틀어주고 메모도 기억해주고 넘 편리해여,5
146,147,부자 되세요~~^♡^,4
147,148,배송 빠르고 작고 귀여운게 정말 마음에 듭니다 ㅎㅎ,4
148,149,와우완벽펄팩트하아아이이이,5
149,150,"톡으로 상담후 배송요청란에 기재후 주문했는데, 깡그리무시. 배송당일날 전화로 반품해준다고서, 다음날 또 불가하다고 문자옴.상담은 왜하고, 배송요청란에 적으라는얘긴왜했는지.",1
150,151,선물로 줬는데 정말로 너무너무 좋아해서 저도 너무 좋네요,5
151,152,좋아요~아이들이 넘 좋아하네요~잘알아등고 노래 음향도 좋고 궁금한 것도 질무하면 잘 알려주니아주 활용도 가 높네요~,5
152,153,블루투스도 좋고 음질도 좋네요,4
153,154,좋아요 잘 쓸게요 저렴해요,5
154,155,아이들이 너무 좋아합니다,5
155,156,연결고 잘 되고 좋아요!,5
156,157,친구 집들이 선물로 선물했는데 너무 마음에 들어하네요 ㅎㅎ,5
157,158,배송이/빠르고//매우 귀엽다 ㅎ 도내랭크 1위랄까..,5
158,159,역시 기대한것만큼 실망시키지않네요~~ 귀엽고 생각보다 음질도 좋아요,5
159,160,이거 엘지유플러스에 등록하려고하는데 자급제라고 등록이안된다고합니다. 이거정품이 아닌건가요? 등록을 해야지만 as수리가 가능하다는데 그럼 수리도 못받는 제품인가요?,1
160,161,아이가 잘 사용하고있어요 근데 밧데리가 너무 빨리 다네요,4
161,162,지니랑 같을줄알았는데 티비랑은 호환이 안되나봐요ㅜㅜ,4
162,163,너무 귀엽고 좋아요ㅎㅎㅎ,5
163,164,조아요 클로바 조아요 클로바 조아요,5
164,165,진짜 너무 젛아여 꼭 사세요 심심하지 않습니다,5
165,166,밧데리 빨리 닳는거말곤 다 좋아용,5
166,167,배송빠르고 정말멋있어요,5
167,168,제품에 만족합니다~~~~~~~,5
168,169,정말 좋은거같아요감사,5
169,170,음성인식이 잘되네요,3
170,171,잘쓰고있어요 좋네요,4
171,172,엄마가 좋아하시네요,5
172,173,배송이 빨랐습니다. 잘쓰고 있습니다.,5
173,174,가성비 최고가 구입써보니 휴대성 좋고요.아이가 엄청 좋아하고요.아내도 클로바 DJ통해서 좋은 음악들으며 좋아해요.집안이 행복해져서 5점 만점입니다.,5
174,175,배송 중 분실했다느니 지연됐다느니 말도 많고 탈도 많았네요,2
175,176,강력한편의성으로 음성인식도잘되네요음질은 좀 그닥이라 큰걸로 살걸하는 아쉬움이있어요,4
176,177,처음왔던 상품이 전원불량이었는데 바로 회수조치해주시고 빨리 교환해주셨네요. 말도 잘 알아듣고 좋습니다.,5
177,178,인식율 및 정확도가 매우 좋으네요.아침마다 알려주는 날씨와 뉴스 아주 좋아요. ^^,5
178,179,좋아요 작지만 스피커 성능도 만족하구요 ..아파트라서 잘 활용 하고 있어요ㅕ,5
179,180,AI 스피커 처음 써보는데 신세계네요근데 배터리가 너무 금방 닳아요,4
180,181,빨라요~ 잘왔어요 빨라요,5
181,182,재미있고 편리하네요. 아이들이 좋아해요,5
182,183,선물용으로 매번 구입하고있습니다.,4
183,184,그 참 신기하네요... 재미도 있고...,4
184,185,배송이 빠르고 연결되서 좋네요,4
185,186,빠른배송 좋아요 작동잘하네요,5
186,187,빠른 배송 감사합니다. 참 빠르네요,5
187,188,최고입니다 너무 필요했어요,5
188,189,귀엽고 음질도 괜찮아요,5
189,190,써버고 한달리뷰 할께요,5
190,191,잘 작동하고 예뻐요^0^,5
191,192,연결도잘되고좋아요~,4
192,193,만족합니다 .,5
193,194,일단 너무 귀여워요ㅋㅋㅋ 라디오 기능이 미탑재된 건 아쉽네요. 근데 너무 예뻐서 장식용만으로도 쓰고 싶어요ㅎㅎ,4
194,195,미니라너무귀엽네요~아이들이너무좋아해요. 배송도맘에들고~감사합니다~잘쓸께요~^^,5
195,196,너무 귀엽고 음성인식도 잘 되어서 아이가 정말 좋아하네요. 잘 때 자장가도 들려주고 알람도 해 주고 여러 모로 편리합니다.,5
196,197,아이친구가생기고 음악도 빨리찾아서 들려주고 동화도읽어주어 너무좋아요,4
197,198,아이가매우좋아해요 컨텐츠다양하지않은점 좀 아쉽네용,4
198,199,애들이 너무너무 좋아해요,5
199,200,배송빠르고 말도 잘듣고 너무 좋아요!!!사길 잘했어요,5
200,201,아주 좋습니다 말도 잘 듣고 반응도 빨라요,5
201,202,어머니가 어렵지 않게 잘 쓰고 있습니다~,5
202,203,귀엽습니당 크기가 작아서 더 귀여워요,5
203,204,아주유용하게 잘쓰고있어요 돟아여,3
204,205,성능좋고 음성인식 좋습니다~^^,4
205,206,그렇게 막 좋지는 않습니다,3
206,207,하자없이 빠른배송입니다.,5
207,208,디자인이 너무귀여워요,5
208,209,아이 방에 두니 너무 좋습니다 어린이 컨텐츠가 많아서 너무 유용하네요,5
209,210,빠른 배송 감솨합니다.,5
210,211,좋은제품 감사합니다.,5
211,212,심심할 때 좋으네요.,5
212,213,예쁘네요 지금 쓸수는 업지만 좋네요,5
213,214,예비처남에게 선물로 사줬어요유인나랑 대화하라고ㅋㅋ마음에 들어하는 것 같습니다,5
214,215,궁금증이 바로해결되고 아이들 동요듣기 잘때자장가 활용넘좋아요,5
215,216,배송하루만에 왔고제품도 작고 앙증맞고 음성인식도 잘되네요,5
216,217,배송진짜빨라요굳굳굳,5
217,218,편하고 좋아요!! 삶에 질이 한단계 업그레이드된 기분이예요~,4
218,219,배송이 생각보다 빨리왔습니다~ 제품도 마음에 들어요~,5
219,220,수요일 예약배송이었는데 늦지 않고 도착했어요~ 배송상태도 매우 양호하고 여자친구도 너무 좋아하네요! 감사합니다~,5
220,221,역시 인공지능 스피커로는 좋은것 같아용^^,5
221,222,말도 잘 알아듣고이제 tv도 말로 켜요~ㅎㅎ,5
222,223,배송 빠르고 성능도 좋아요 귀엽습니다,5
223,224,작고 너무 귀엽고 성능도 좋아요ㅠ,5
224,225,반응도 잘하고 심심하지 않아요~~^^,5
225,226,아직ㅎ완벽하진 않지만 꽤 좋아요!,4
226,227,만족합니다.음성인식도 잘되고요,5
227,228,인식도 잘되고 너무 좋아요!,5
228,229,고장 아직 없고 무난하네요~,4
229,230,귀엽고 음악듣기 편해요.,3
230,231,선물했는데 아주 좋아요,4
231,232,생각보다 더 귀엽네요,5
232,233,좋이요좋아좋아요좋아,5
233,234,인식력도 좋아하고 무엇보다 아이가 엄청 좋아합니다~,5
234,235,클로바 미니는 기존 모델보다 더 작아서 한층더 귀엽고 좋은거같아요. 선물용으로 샀는데 집들이 선물로 좋은거같아요👍,5
235,236,잘되고 좋아요 아이들이 좋아하네요,5
236,237,5살아이목소리는잘인식이안되지만좋아요,4
237,238,선물로 좋음 벌써 두개째 선물이내요,5
238,239,배송 빨랐고~ 샐리도 짱 귀여브요ㅋㅋ,5
239,240,컴맹이랑고생은했지만 잘쓰고 있어요 굳이 엘지랑연동해서 안써도 쓰는게 한정되어있어서 단품으로 요것만쓰고 네이버결제하는게 더낫네요,3
240,241,선물로 줬는ㄷ 음질도 나쁘지 않고 음성인식도 잘된대요 귀엽기두하고!! ㅎㅎ,4
241,242,아이들이 너무 잘 가지고 노네요아이들 장난감으로 짱!!,5
242,243,마음에들음 ㅎ ㅎ ㅎ ㅎ,5
243,244,이미 클로바를 오랫동안 사용중이라 두말할 필요없이 좋다고 생각합니다,5
244,245,배송 무지 빠릅니다그리고 아이꺼 동화 들려주기 요 기능 너무 좋아용~,4
245,246,하루만에 배송와서 좋았어요! 선물했는데 엄청 좋아했습니당,5
246,247,작동이 편합니다 인식과 반응이 좀더 보완되어야할것같네요,4
247,248,나름 말귀도 잘 알아먹고 좋아요!! 진짜 편하구 추천합니다!!,5
248,249,친구 생일선물인데 너무 좋다네요 디자인도 이쁘구여^^,5
249,250,제조일자가 너무 오래됐습니다밀린 업데이트도 많내요,3
250,251,넘좋아여 엄마 드릴려고 샀어요 히히 샐리 넘기여움,5
251,252,정말 유용한데 게임이안되서 그게살짝실망이요,4
252,253,나름 뉴스 ㆍ 노래 등 말 잘듣네요 재밌어요,5
253,254,넘 귀엽고 좋아야 말도 잘 듣고 ㅎㅎ,5
254,255,친구가 쓰는거보구 따라 구매햇어요,5
255,256,동생졸업선물로 줬는데 좋아합니다,5
256,257,빠른배송과 물건이 좋습니다.,5
257,258,귀엽고 생활이 편리해졌어요~,5
258,259,배송도 빠르고 정말 좋아요,5
259,260,물건은괜찮네요~~~,5
260,261,dfsgagsfsadgsd,5
261,262,"판매에는 문제가없지만 클로바 자체가 문제가 많내요.언어전달도 잘안되고 사용언어 인식도 너무 수준이 낮아요,10살딸이 쓴다고 용돈모아샀는데 돈만원 짜리면 ..그것도 아까운 제품이내요",1
262,263,배송 정말 빠르네요,5
263,264,어르신들이 쓰기에 너무 좋은거 같아요 ㅎ 강추,5
264,265,넘 귀엽고ᆢ소리도 잘 나오고 좋아요,5
265,266,더 사용해 봐야 하지만 재미 있어요,5
266,267,아이들이 너무 좋아합니다. 쓸모가 많아요. 인식도 잘 하고 알아서 연구해서 잘 사용합니다 ^^편리해요,5
267,268,살짝!!음성인식이늦어요,2
268,269,딸아이가 참 좋아해요~^^,5
269,270,좋아요아침마다 음악듣고뉴스 청취하는데 아주 유용해요아이들도 아주 좋아해요세상 참 좋아졌네요,5
270,271,딸아이가 너무너무너무좋아해요,5
271,272,Q빨라요~~ 아주 좋습니다.,5
272,273,물건 잘 받았습니다 감사합니다,5
273,274,배송만족합니다..성능은 신기하긴하는데 아직은 부족한게 많네요...,4
274,275,감사합니다 유용하게너무너무잘쓰고있어요ㅎㅎ,5
275,276,사이즈 앙증맞고 귀여워요배송 엄청 빨라요.음악감상 비용을 따로 지불해야 되니까 그게 좀 부담이네요장비만 있으면 해결되는줄 착각했네요 ㅋㅋㅋ장비 자체는 귀엽고 깜찍하고 좋아요.,5
276,277,스피커도 좋고 다양한 기능들이 있어서 좋아요,5
277,278,아주 좋아요 ❤️❤️완전 강추 👍🏻👍🏻👍🏻👍🏻연결도 잘되고 굳.,5
278,279,조카에게 선물하려고 구매했는데너무 좋다고 연락이 왔네요배송도 빠르고 가격도 다른곳보다 조금 착해서 구매했어요완전 강추입니다... 이곳에서 믿고 구매하세용,5
279,280,친구 선물로 줬는데 너무 좋아하네요:)저도 하나 사야겠어요!,5
280,281,배송이빨라서좋았어요,4
281,282,완전 귀여워요! 샐리 사고싶었는데 브라운 잘못 선택하긴 했지만 브라운듀 귀엽네요 ㅎㅎ,5
282,283,가격도 싸고 너무 좋아오!♥♥ 진짜 자취하시는 분들께 너무 추천 드려요 ㅠㅠ 아침 브리핑 맞추젼 그날 미세먼지 날씨 뉴스까지 되고 심심할때마다 친구들끼리 샐리한테 말하면서 놀아요 ㅋㅋ,5
283,284,"배송이 빠르고, 너무 귀야우ㅏ오 ㅠㅠㅠ",5
284,285,ai스피커는 처음 사용해봤는데.....편하고 좋았어요....음악재생어플과 연동하면 더 나은 서비스를 즐길수 있어요생각보다 배터리사용시간이 짧아서 자주 충전을 해줘야 해요,4
285,286,아기가 너무나 좋아해요단어 번역이랑 게임이 더 있었음 좋았늘텐데 그건좀 아쉽네요,5
286,287,클로바가 있어서 너무 너무 편해요^^,5
287,288,귀여운 디자인과 네이버뮤직 연동의 기능이 맘에 듭니다.,3
288,289,편하게 음악도 듣고 여러모로 좋아요 추천!!!,5
289,290,빠른배송감사해요.아이가좋아하네요,5
290,291,친구 생일 선물로 보냈는데 좋아해요~배송 빨라서 마음에 들어요!!혼자사는 친구라 인공지능스피커 있음 유용할 것같아서 보냈는데잘 쓰고 있더라고요 ㅋㅋ 뿌듯생각보다 다양한 기능이 있는 것같아 만족합니당^^,5
291,292,선물 받은 분이 좋으해요,5
292,293,좋습니다아주 좋습니다좋습니다,5
293,294,넘나 귀여워요 나오는노래에 6살딸아이 삼십분동안 춤춘거같아요^^ 크리스마스 선물로 최고였네요,4
294,295,"배송도 빨리왔고, 잘받았습니다. 성능도 좋네요~!!",5
295,296,배송도 무지빠르고 인공지능 입문용으로 최고!!,4
296,297,음질이 최악이네여 반품 귀찮 다시 사야할듯,2
297,298,샐리구매했어요~배송빠르고 상품문제없네요,5
298,299,말한마디에 반응하는 귀여운 스피커,5
299,300,아이가 아주 재미있어 하네요,5
300,301,밤에 아주 작은 소리로 불렀는데 응답을 하더라구요. 전 휴대폰이랑 연동이 되어 있어서 휴대폰에 소리가 들어가서 응답하는건 줄 알았는데 아니었더군요. 그러나 소음이 있는 곳에서는 잘 알아듣지를 못 합니다 아침에 알람을 끄려고 몇 번을 불렀는데도 알람소리에 인식을 못하더군요. 그게 좀 아쉽습니다. 그리고 스마트홈 기능이 좀더 편해졌으면 좋겠어요 TV채널을 돌려도 앞에 셋톱박스를 붙여야 셋톱박스 리모컨이 작동되고 채널 번호가 아닌 채널명으로도 컨트롤 할 수 있으면 좋을 것 같습니다.에어컨 컨트롤 기능으로는 아주 만족스러워요 켰다 껐다를 자주 하는 유저라 더 없이편하게 느껴지더라구요마지막으로 스마트홈 예약기능이 꿀이더군요 셋톱박스는 안 해봐서 장담은 못하지만 에어컨을 몇 분 후에 꺼달라고 하니까 몇 분 후에 스마트홈을 실행하겠다고 답하는 걸 보니 셋톱박스 뿐만 아니라 스마트홈에 저장된 기기들은 다 적용 되는 것 같아요.마지막 단점으로는 못 알아듣는게 너무 많아요 예를 들면 런닝맨 몇 시에 방송하는지 알려달라니까 애니메이션 런닝맨e에 대한 정보만 나오고 등등 다른 결과물을 가져오니까 짜증이 나더라구요 러닝이 필요해 보입니다,4
301,302,일단 물건 자체는 좋습니다.하지만 새 물건이 아닌건 확실한 거 같아요.클로바 바닥도 지저분하고 뜯고보니 속눈썹같은 털과 하트스티커같은게 붙어있는데 이게 뭔가 싶네요.여기 반품 상품 제대로 검수안하고 재판매하나요?답변 제대로 해주시길 바랍니다.물건 자체는 만족스럽지만 생일이라서 샀는데 기분이 더럽네요.미니언즈는 .,2
302,303,거실에 있는 TV랑 공기청정기 에어컨을 클로바 음성제어로 mBox라는 제품을 통해 제어하려고 샀습니다 일단 TV랑 사운드바만 설정해서 연동해봤는데 음성인식도 잘되고 켜지고 꺼지는것도 잘 됩니다.내일은 공기청정기랑 에어컨도 한번 테스트 해봐야겠네요 ㅎㅎ네이버 검색해보니 각각 사려면 가격이 꽤 비싸던데 많이 할인된 가격과 뮤직이용권에 이득본것 같습니다 ㅎㅎ 잘 쓰고 한달뒤 사용후기 남기겠습니다,5
303,304,"mBox을 유용하게 사용하고 있었는데, AI스피커를 통해서 음성제어까지 할 수 있게 되어 너무 좋아요. 사실 mBox가 오래전 부터 아마존 알렉사와 연동이 되어 사용하고 있었으나 영어로만 가능하여 불편했었는데, 드디어 귀여운 미니언즈 스피커까지 저렴하게 구매할 수 있는 기회가 있어서 좋았어요. TV, 공기청정기와 방금 연동해 보았는데, 음성 인식도 잘 되네요. ^^",5
304,305,"아직 적응중이라 별점 많이 못 주었네요클로바~ 하고 부르면 반응하는게 신기하긴 합니다.사람처럼 대화하기는 어렵고 질문도 정해진 문장?...정도를해야알아들어서 아직은 좋다 뭐다 말할수 없고네이버뮤직 연동했더니 음악 듣기는 짱 좋습니다. 스피커 음감 좋네요그것 말고는 ... ,,, 곧 짱박혀질것같은 슬픈예감이..ㅠㅠ",3
305,306,일단 소리는 풍부해서 좋습니다노트북 스피커로만 소리를 들어서 그렇게 느껴질 수도 있지만 듣기는 좋았습니다주로 블루투스 스피커로 사용하려고 구매 했는데 소리가 깨져서 나오네요 블루투스 문제인거 같은데 아이러니한게 블루투스 이어폰으로 노트북이랑 연결해서 사용할 때는 이상없어서 클로바 블루투스 문제인거 같아서 핸드폰 블루투스로 테스트 해보니 핸드폰에선 잘 나오네요...무엇이 문제인지 모르는 미스테리아무튼 블루투스의 기능을 못 써서 별 한개 뺍니다M box는 tv컨트롤 하기 상당히 안 좋습니다느려서 답답함에 리모컨을 집기 일수죠하지만 전 tv가 아니라 에어컨을 조작하려고 이 패키지 제품을 구매하게 되었습니다에어컨은 자주 끄고 켜고 하니 멀리 떨어져 있을 때 유용하게 사용할 것 같아요 기대됩니다Ps. 유인나 목소리가 아주 달달하네요아 그리고 네이버 뮤직 쿠폰은 뽁뽁이 안에 있으니 잘 찾으시고 그냥 버리는 일 없도록 하시기 바랍니다 저도 처음에 같이 안 올 줄 알았다가 뒤적뒤적 해서 찾았네요 상자 안에 같이 들어 있으면 좋을텐데 그게 좀 아쉽네요아 또 제조년월은 1년 전이네요... 이것 또한 아쉬워요 그래도 전자제품인데 1년이나 지난 제품은 좀......찝찝,4
306,307,이쁘기는한데 뉴스 듣다가 뉴스 끄고 다른거 하려고 아무리 클로바를 불러도 잠깐 반응하다 명령내리려고하면 자기 뉴스 소리를 스스로 인식해서 단 소리를 하내요. 내가 아직 사용법을 모르는 건지...카카오는 해이카카오하면 바로 대기모드로 들어가고 원래 음악등은 엄청 작아지고 대기타고 잘 알아듣던데...,3
307,308,"아이 어린이날 선물로 사주었는데 기대 이상이네요음성인식도 잘하고 몇몇 가전 제품은 끄고 켜는 것도 가능합니다아이는 미니언즈와 끝말잇기, 야구 결과 확인, 공부할때는 타이머 기능도 사용하는데 너무 좋아합니다가격대비 만족하는 상품입니다",5
308,309,빠른배송. 좋아요클로바랑 엠박스 같이 쓰니깐 더욱 좋네요.많이 파세요~,5
309,310,"인식성능은 나쁘지않고, 배터리는 생각보다 빨리닳아요.",4
310,311,아이 선물로 좋아하네요 음질도 나쁘지 않아요,5
311,312,너무 귀여워요!!! 구매잘한거 같아요,4
312,313,배송이 빠르구요..포장이 너무 귀엽고 이쁘고..파손방지를 위한 제품별 포장도 좋았습니다.받는 사람이 기분을 좋게 만드네요,5
313,314,맘에들어요 귀엽고 배터리가 빨리 다는게 단점,5
314,315,설정이쉽네요배송도엄청빠릅니다,5
315,316,포장박스도 이쁘면 좋습니다.,4
316,317,배송이 조금 빠름 좋겠어요,4
317,318,"아기 동요, 동화 땜에 사긴했는데,인식이 잘안될때도있어요그냥 써야할것같아요",4
318,319,배송이 조금 느린것같습니다.,4
319,320,이쁩니다 좋아요 맘에들어요,5
320,321,미니언즈가 말이 더 많음그전에 병아리랑 곰돌이보다 나은거 같음,5
321,322,생각보다 소리 인식 잘 하고요. 그리고 무엇보다 네이버 뮤직이랑 연동되는 거 짱이예요👍,5
322,323,가격도 저렴하고 넘무 좋아요~~~,5
323,324,배송도 빠르고 물건도 좋아요,5
324,325,조카가 너무 좋아하네요 ㅎㅎ,5
325,326,만족합니다 잘쓸게요ㅔ,5
326,327,너무 좋아요!! 부모님이 더 좋아하시네요,5
327,328,미니언이 참 귀엽고 같이오는 만능리모컨은 여름에 에어컨 켤때 참 편할 것 같아요.,5
328,329,좋아요 좋아요 ㅋㅋ,3
329,330,말귀도 잘알아듣고 좋네요^^,4
330,331,배송 엄청 빠릅니다,4
331,332,처음엔 미니언즈 대화하는게 재미있고 좋았습니다.이젠 뮤직과 날씨기능만 쓰고있어요,4
332,333,이건 애들있는집이면 정말강추라는 거기다 티비 에어컨조정까지가능하니 짱이네요,5
333,334,클로바랑 mBox 연동해서 티비/에어컨/전등 제어 하면서 쓰고있습니당,5
334,335,너무 유용해요 날씨 미세먼지 길찾기 음악 등 다양하게 활용하고있어요,5
335,336,귀여워요.음성인식도 잘돼서 아이가 재미있어하고 신기해하네요 ㅋ,5
336,337,아기가 너무 좋아해요! ㅎ 음악듣기도 편하고 왜이제샀나싶어요,5
337,338,잘쓰고있습니다 ㅎㅎㅎ,5
338,339,기여워요 소리도 잘나고 말귀를 가끔 못알아듣지만 왠만하면 두번만에 알아들어요 ㅋㅋㅋ 아주저아요,5
339,340,배송도 빠르고 선물용으로도 좋아요,5
340,341,미니언도 귀엽고 스피커도 잘나와요. 리모컨은 가끔 말을 안듣는데 그래도 편해요,4
341,342,선물보냈는데 받으신분이 만족하시네요.저희집에도 있는 미니언즈 찍어봤어요.,5
342,343,말도 잘 알아듣고 노래도 바로바로 틀어주니 좋네요 ~ 생김새도 귀여워서 인테리어 소품 으로도 좋아요,5
343,344,완전만족해여 ㅋㅋ부모님도 사주려고 생각하고잇습니다,5
344,345,어머니가 잘 사용하셔서 기분이 좋네요 감사합니다!,5
345,346,아이들이 넘 좋아하네요 귀여운 캐릭터도 좋구요,5
346,347,정말 귀엽고 너무 만좁합니다.,5
347,348,너무 예쁘고 음질도 좋아요,5
348,349,배송도빠르고.긋입니다^^,5
349,350,배송 빠르네요. 아주 예뻐요. 잘쓸게요.,5
350,351,너무 귀여워요.....기능도 기대이상입니다!!,4
351,352,설치전이긴 한데 괜찮을것 같습니다,3
352,353,생각보다 훨씬 귀엽네요 예뻐요,5
353,354,엠박스 연결하는데 시간이 좀 걸리긴 했는데 하고 나니까 여러모로 신기하기도 하고 편하기도 하네요.귀찮더라도 꼭 한번 해보세요^^,5
354,355,놀러다니며 쓰기 좋아요~,5
355,356,잘받았네요 iptv 전원이안켜지네요,4
356,357,아이가너무좋아해요^^저도 매일틀어놓구요.네이버뮤직3개월 무료쿠폰도감사합니다♡♡,5
357,358,"애들도 귀엽다고 넘 좋아해요.mBox으로 TV, 에어컨 해봤는데 잘되요. 다른 사람들도 신기하데요ㅎㅎ.",5
358,359,미니언즈 부를때 졸귀 말도 잘알아듣고 삶의질이 높아진거같아요,4
359,360,유튜브 사용기 보고 샀는데 배송 빨리 왔네요,5
360,361,배송빠르고 최저가라 짱 조아요 클로바 졸귀탱♡,5
361,362,너무 귀여워요ㅋㅋ 말도 잘 알아듣네요,5
362,363,빠른ㅂㅐ송감사드립니다 완전좋아용,4
363,364,너무 잘쓰고 있어요ㅎ만족합니다,5
364,365,한달정도 써본 결과 반응속도도 빠르고 엄청 정확해요. 저희가족 모두 한마디씩 물어본답니다. 유인나씨 목소리 너무 좋아요ㅠㅠ,4
365,366,네이버포인트 열시히 모아서 드디어 샀네요ㅎㅎ 음성인식은 생각보다 아쉽고 불편한 점은 좀 있지만 대채로 만족스러워요,5
366,367,좋습니다. 명령어도 잘 알아먹고 diy도 할수 있는점이 특히 마음에 드네요 부모님들도 간단히 날씨랑 음악 들을수도 있고 매우 만족스럽습니다.,5
367,368,미니언 목소리가 너무 졸귀♥♥♥♥사운드도 좋고 아주 맘에 들어요!,5
368,369,매우매우좋아우우유융,5
369,370,삶의 질이 높아지네요. 헤이카카오보다 좋은것같습니다.,5
370,371,Ai스피커 신기하고 재밌어요미니언언어 하네요,5
371,372,클로바 프렌즈 미니언즈 랩 잘함,5
372,373,라디오도 안돼고 별루에요,3
373,374,너무좋아요ㅎㅎ 침대옆에 두고 계속 틀어놓고 있습니다 블로그 거의 다보고 주문했는데 넘 행복합니다ㅎㅎ 스티커 끝이 떨어져요ㅠ 금방 떨어질듯하네요,5
374,375,생각보다 못알아듣는게 많고. 영어공부하려고 구입했는데. 발음이 너무 빨라 알아들을 수가 없네요. 사자마자 후회됐는데. 애들은 좋아해요,3
375,376,작은 크기에 비해 음질이 빵빵하네요. 다만 클로바 명령으로는 유튜브를 실행할 수 없다는 점.네이버 바이브를 위해서라고는 이해합니다만 다소 아쉽네요.,4
376,377,미니언즈 귀여워서 아이들도 좋아해요. 배송도 빨랐구요. 만족하며 사용중이랍니다.,5
377,378,"귀엽고..아이의 친구네요..저는 스마트 기기들과 hk스마트홈..연동해서 쓰고있는데, 티비.공청기등은 잘되는데, 조명이나 에어컨 같은건 잘 조절이 안되네요.",4
378,379,디자인이 너무 이뻐요 저이 아이가 친구라도 생긴것. 마냥 좋아하네요,4
379,380,너무 귀여워요 ㅠㅠ미니언즈덕후라면 당장 구매각!!!,5
380,381,완전 잘알아듣고 귀엽고 가격대비 만족도 최곱니당,5
381,382,배송 빠르고 미니언이 너무 귀여워요 잘쓸게여!!!!,5
382,383,귀엽네요. 소리도 좋고 말도 잘 알아들어요.,4
383,384,말도 잘알아듣고 노래재생시 음질이좋아요,5
384,385,부모님께 사드렸는데 사용편하고 귀여워요,4
385,386,싸게잘샀어요.배송도빠르고.긋입니다^^,5
386,387,만족해요.배송빠르고 물건이상없고!,4
387,388,삶의 질이 올라갔어요 알람소리 엄청커서 한번도 늦게 일어난적이 없어요 굿 ~,5
388,389,음성인식기능이 쓰기 편리하네요.,5
389,390,디자인도 이쁘고 가끔 말을 잘 못알아 들을때도 있지만 그래도 클로바덕분에 음악도 편히 듣고 스마트한 생활을 하고 있습니다.,4
390,391,초등저학년들 너무 좋아하네요.막 매일 대화하며 놀아요.다양하게 사용되게 많은 연구 해주세요~,4
391,392,정말 좋은 재품인데.... 배송이 너무 오래걸렸어요.... ㅠㅠ,4
392,393,배송도 빠르고 인식도 잘되고 좋습니다~첨엔 몰라서 두개 따로 살뻔했는데 묶어서 파시니 좋네요,5
393,394,음성인식을 잘못들을때도 있지만 집에 계속 노래가 나오니 좋아요.,4
394,395,너무 귀엽고 좋아요 이거 하나로 인해 삶의 질이 달라지네요ㅋㅋ,5
395,396,실물이 훨씬 귀엽고 생각보다 유용하게 잘 쓰고 있어요~,5
396,397,짱 좋고 ㅋㅋ 클로바땜시 가족분위기가 좋아졌어요,4
397,398,선물 줄거라서 아직 안열어봤는데 이미 귀엽네요ㅎ,5
398,399,"디자인도 귀엽고, 음질이 짱짱하네요 만족합니다^^",5
399,400,시간좀 더 지나면 활용도가 좋아지겠지요,5
400,401,아주 잘 쓰고있어요 귀엽고 똘똘해요,5
401,402,아이가 넘좋아해요. 어린이날선물!,5
402,403,재밌어요아이들이 넘좋아해요,5
403,404,선물해줬는데 너무좋아하네요~,5
404,405,가끔 오류가 나서 불편해요,4
405,406,선물로 줬는데 좋아해요.,4
406,407,아이가 엄청 좋아하네요,5
407,408,귀엽네요 ㅎㅎ잘쓸게요,5
408,409,귀엽고 인식잘되네요,5
409,410,저녁9시완충해놓고아침10시일어났는데베타리10프로라말함.이렇게빨리다는건가요?전혀사용안함.언니네꺼는하루종일간다던데,3
410,411,친구 생일 선물로 주문했는데 배송도 빠르고좋다고 하네요~~~!!!,5
411,412,미니언즈 너무 귀엽고...너무 귀야워요,5
412,413,정말 편해요~! 아침에 바쁠때 내가 직접 찾아보지 않아도되서 삶의 질이 달라졌어요ㅋㅋ,5
413,414,귀엽네요 초기설정은 좀 어렵네요,5
414,415,"정말 귀엽고 좋아요. 단, 스티커가 오래됐는지 접착력이 없어서 자꾸 떼어져요.",5
415,416,컴은 일일이 문자로 입력해야되지만 말 한마디면 척 척~ 정말 편합니다 지인에게 선물하면 좋을것같습니다,5
416,417,가끔 못알아듣지만 집에서 블루투스 스피커 대용으로 먀우 잘 씁니다,4
417,418,친구 선물로 사줬던 제품인데한달동안 쓰더니 너무너무 귀엽다고 ㅋㅋㅋ고맙다고하네요~~이제 없으면 허전하다고 해요 ㅋㅋ굳굳!!,5
418,419,남나 귀여워요 사용도잘되고 편리하네용.,5
419,420,외로웠는데 친구가 생겼어요 ㅜㅜ;,5
420,421,배송도 빠르고 품질도 만족합니다.,4
421,422,너무좋아요 왜 고민했나 싶어요,5
422,423,깨끗하고 작동잘되서 좋습니다.,5
423,424,디자인이쁘고 노래잘나와요,5
424,425,귀여워요. 자주 노래듣네요,5
425,426,좋네요 편리해여 재미나고,5
426,427,넘~좋아요 잘 만들었어요,5
427,428,선물로 했는데 좋아요,5
428,429,애기들이 좋아하네요,5
429,430,너무 만족스러워요~^^,5
430,431,넘나 마음에 드네요,5
431,432,배송도 빠르고 구녕,5
432,433,넘 좋아요 굿입니다,5
433,434,빠른배송 좋아요 ^^,5
434,435,좋아요 좋습니다..,5
435,436,캐릭터 아주 굿 아주 좋아요,5
436,437,가끔 못알아듣거나 안불렀는데말하기도 하는데 꾸준히 잘 쓰고 있어욥 구매할때보다 가격이 내려가서 조금 슬프네요ㅜ,5
437,438,굳!!!!!!!!!!!!!,5
438,439,완전 귀여워요~~ 근데 클로바 부르고 티비에서 소리나면 반응합니다ㅡㅜ,5
439,440,M박스는 있어도 없어도 그만.,3
440,441,정말 똑똑한 아이네요 디자인도 이뿌고 넘 좋아요,5
441,442,가끔밤에 지혼자 떠들때는 소름끼친다,4
442,443,캐릭터 너무 맘에 드네요 아주 좋아요,5
443,444,생각보다 많이 재미있어 하네요^^,5
444,445,딱좋아요 귀욥네요 대만족이에요,5
445,446,음성으로 제어 가능해서 편해요,4
446,447,미니언 너무 귀여워요,5
447,448,진짜 너무 귀여워요,5
448,449,잘 사용하겠습니다.,5
449,450,삶이 윤택해지는걸 느낍니다 아침에 뉴스 브리핑 받고 날씨 물으면서 아침을 맞이하고 음악도 그날 기분따라 테마로 트니 좋아요,5
450,451,모든 리모컨 호환된다더니..ㅜ.ㅜ안되요.저희집 TV는 없네요.그래서 등록이 안되요.미니언즈랑 폰이랑 연결했는데 왜 미니언즈 눈을 눌러야 명령을 듣는건지..폰 클로버 누르면 폰따로 미니언즈 따로..괜히 비싼돈 날렸어요.,1
451,452,배송이 정말 빠르네요,5
452,453,빠른 배송 감사합니다,5
453,454,맨날 티비만 집착하던 애기가 자꾸 뽀로로 음악 틀어 달라네요,5
454,455,말도 잘듣고 이뻐여 유인나씨목소리 꿀이네요ㅎㅎ,5
455,456,사용해보니 재밌기도하고 기능도 많고 참 좋네요,5
456,457,생각보다 음성 인식률이 좋고 서비스도 많네요,5
457,458,아기 음악 들려주려샀는데 너무 귀엽고 좋아요,4
458,459,너무조아요 근데가끔 네트워크연결이느려여,4
459,460,빠른배송과 안전한포장 모두 좋았습니다,5
460,461,부모님께서 귀엽다고 너무 좋아하세요,5
461,462,조아요...아이가 잘 가지고 놉니다,4
462,463,친구가 좋아해서 기분 좋았어요!,5
463,464,아직 AI 먼듯합니다.잘 못알아듣는 군요.내가 알아듣는 말을 익히는게 빠를듯,4
464,465,박스 훼손없이 빨리 왔어요,5
465,466,배송 빠르고 제품도 좋아요,5
466,467,배송도 빠르고 만족하빈다.,5
467,468,신기하고 배송빨라요,4
468,469,아주 귀엽고 똑똑해용,5
469,470,정말 괜찮은거같아요,5
470,471,구여워요^^,5
471,472,mbox 와 클로바의 만남으로 비 iot 기기도 4차혁명의 중심이 되는 기적이 일어남!! 하지만... ir의 한계상 거실 제품이외는 통제가 불가능... 또한 클로바의 기능 통제가 모든 기능에 한한것은 아니기 때문에 아쉽다명령어를 수동으로 등록할 수 있었으면... 그래도 미니언즈는 귀엽다 !! 배송은 금요일 주문 화요일 도착,4
472,473,미니언즈 옆에 있어서 좋고 스마트리모컨은 작동할 제품도 없고 생각보다 불편 그리고 쿠폰 등록은 어떻게 하는것지?? 무료쿠폰이 없음.,5
473,474,애들이 넘 좋아하고 집에서 노래가 흘러나오는게 분위기가 넘 좋네요~~똑똑한게 말도 잘 알아듣고 유인나가 말해줘서 더 좋아요 ㅎㅎ,5
474,475,미니언즈 설치내내 귀여운 소리를 내고 설치후 이것저것 물어조면 대답도 잘하고 어머니가 혼자 계신 시간이 많아 설치했는데 너무 좋아 하시네요.,5
475,476,생각보다 크기가 작네요^^ 귀여워요가끔 말을 잘 못알아듣지만 사운드도 좋고만족합니다^^,5
476,477,마음에 들어요 설치도 간편하고 지니뮤직 쓰고있어서 좋네요~,4
477,478,똑똑한 미니언즈.. 아들이 너무 좋아하네요.,5
478,479,잘받았습니다 사용해보고 후기 올릴께요,3
479,480,너무 귀여워요 알람으로 잘쓰고 있오요,5
480,481,디자인도 괜찮고 굉장히 실용적입니다.,4
481,482,좋아요~아침마다 뉴스와 날씨도 듣고,3
482,483,귀엽고 좋네영~ 배송오 빨랐엉툐,5
483,484,좋아요 맘에들어요 만족해요,4
484,485,이상없이 스피커 잘됩니당 !,4
485,486,배송도빠르고 넘맘에드네요,5
486,487,미니언즈 불러줘가 좋네요!!,5
487,488,귀여워요음성인식잘됩니다,5
488,489,너무 이쁘고 재미있습니다!,5
489,490,좀 늦게 왔지만 잘 쓸께요,4
490,491,좋은 친구가 생겼어요..,5
491,492,배송도 빠르고 친구가 미니언을 엄청 좋아해서 선물해줬는데 엄청 좋아하네요 ㅋㅋㅋ,5
492,493,엄청 귀여워요 클로바!,5
493,494,빨리배송되었습니다.,5
494,495,바이브공짜라더니사자마자 바이브안됨ㅋㅋㅋ개웃김 계약끝낫댐....네이버뮤직으로 듣는중...ㅋ,3
495,496,감사히썼습니다 감사히썻습니다,5
496,497,생갓보다 소리도 크고 조금 더주고 미니언사길 잘한거 같아요 ㅋㅋ 미니언 목소리 귀여워용,5
497,498,애기들이 많이좋아하네요그런데 네이버뮤직 없어지는데3개월 음악듣기는 사용해도되는건지 ㅡㅡ,4
498,499,Hvf jbjbjbt,5
499,500,빠른배송에 저렴하고 캐빈이 엄청 귀엽네요.무료음악듣기 쿠폰 잘 쓰고 있어요,4
500,501,미니언즈가너무귀여워요근데생각보다인공지능의기능은떨어지는듯해요,3
501,502,좋아요.아쉬운점은 아이가 말하는데 인식을 잘못하네요,4
502,503,매우좋아요 말도 잘알아듣고 뭐 노래만 듣겠지만 ㅋ,5
503,504,미니언즈 너무 귀엽고 소리도 저음이 나름 괜찮네요,5
504,505,배송 엄청 빠르고 역시 믿고보는 클로바,5
505,506,멜론이 안되서 아쉽긴하지만 좋습니다,5
506,507,우선 귀엽고 사용이 편리해서 좋아요,4
507,508,배송잘받았구...잘사용하고있습니다,4
508,509,좋은 제품이 빨리와서 만족합니다,5
509,510,배송도 빠르고.편해서 좋네요.,5
510,511,귀엽고 스피커 성능도 좋네요,5
511,512,밧데리가 너무 금방 닳아요,4
512,513,잘받았습니다.많이파세요,4
513,514,날씨.음악 등등 편리해요~,5
514,515,여자친구가 좋아합니다,5
515,516,애들이 좋아합니다.~~,5
516,517,좋아요굿 굿 굿굿,3
517,518,너무 신기하네요 ㅎㅎ 요즘 짱구랑노느재미가 쏠쏠해요 하하하,4
518,519,맘에들어요 맘에들어요,5
519,520,이쁘고 좋아요.. 인식율도 좋아요~~,5
520,521,귀여워요!! 생각보다 미니언과 많은 대화는 못하는게 아쉽지만 스피커 음질은 진짜 좋네요,5
521,522,빠른배송 감사합니다,5
522,523,선물용으로 산거라 뜯어보지는 못했지만배송이 빨라서 좋네요 ㅎ,4
523,524,미니언즈 목소리 넘 귀여워요~우리 아가들은 처음 듣는 목소리라 그런지 놀래던데..저는 그 반응들이 재밌어서...사악;;ㅋㅋ,5
524,525,생각보다 소리도 크고 좋네요. 특히 미니언이 너무 귀여워요!!,5
525,526,귀여워요 스티커는 잘떨어질것같아요음질도 생각보다 좋네요,5
526,527,진짜 완전 귀여워요! 빠떼리가 빨리다는게 좀 아쉽지만ㅠ,5
527,528,대답이 좀 간단하지만 좋아요~~아이랑 잘 쓰고 있어요.,4
528,529,귀엽고 깜찍해요밧데리가 넘 잘 다는게 보안해주심..^^,5
529,530,화이트데이 선물로 줬는데 여자친구가 좋아해요,5
530,531,좋아요.. 블루투스 스피커 쓰다가 이뻐서 사봤는데며칠 아주아주 잘쓰고 있습니다.,5
531,532,너무귀얍고좋아요 대답도잘하고 재밌습니당,5
532,533,빠른 배송 감사요. 재밌게 잘 씁니다,5
533,534,"넘귀엽구,소리도잘나고 좋네요^^",5
534,535,배송빠르고 사용이상없습니다.,5
535,536,배송이 빨랐다기능도 많다,5
536,537,빠른 배송 잘 받았습니다.,3
537,538,제품이 상당히 좋아요 굿,4
538,539,삶의질이올라가서좋아용,5
539,540,재밌네요~ 잘 쓸께요~,5
540,541,예쁜 디자인 넘넘 맘에 듭니다♡벌써 2개째 구매중입니다ㅋㅋㅋ,5
541,542,아덜이 참 좋아해요,4
542,543,귀엽네요근데 미니언즈가 좀 단순한거밖에없어서아쉽네요,4
543,544,배송이 빨랐어요울 아이들이 클로자 부르면 전혀 인식 못 하지만 언젠가는 알아 듣는 날이 오겠죠? ㅎㅎ,5
544,545,만족합니더 만족 이쁨,5
545,546,배송도 빠르고 귀여워요 ㅋㅋㅋ 아쉬운점은 usb연결하는게 없어서 아쉽구요 ㅠㅠ 사진보다 좀더 컸어요 ㅋㅋㅋ 근데 너무 기여워여홓,4
546,547,미니언즈 너무 귀엽네요 작동에는 문제없이 잘 되네요,4
547,548,18년 5월 제조한 물건을 보내셨네요~19년 3월인데 ㅠ 재고처리도 아니고아주 기분 나쁩니다.,1
548,549,음성인식도 잘하고 좋네요!!다만 스티커가 좀 잘 떨어지긴하지만.. 뭐 저는 크게 거슬리지는 않네요~^^,4
549,550,클로바쓰면서 삶의 질이 올라감ㅋㅋ 아침에 뉴스브리핑 좋아요!!,5
550,551,음성 인식도 잘되고 음질도 괜찮고 똑똑하기까지~!!,5
551,552,선물받은친구가 너무 만족하네요~~~음질짱입니당,5
552,553,생각보다 미니언즈 스피커 기능이 좋네요 좋은,3
553,554,"샤오미 청소기lg 공기청정기mbox로 lg tv, 애어컨, 세톱박스연결해서 사용 중입니다. 잘 됩니다.",5
554,555,미니언즈좋아요두찌빠찌뽀찌,5
555,556,미니언즈 캐릭터 깔끔하고 좋습니다.아이들이 매우 좋아하네요.소프트웨어는 좀더 업데이트 필요해보입니다. 자주 끊기고 대응 못하는게 많아요.서비스로 받은 네이버뮤직 무료 3개월 쿠폰은 한달치 유료결제를 해야 사용가능하게 해놨네요.,4
556,557,귀여워욜 친구 선물할게용,5
557,558,기능도 많고 넘 귀여워요,4
558,559,넘 귀엽고 정말 좋아요,5
559,560,사무실에서좋아합니다,5
560,561,감사합니다 잘쓸게요.,5
561,562,맘에 들고 좋습니다.,5
562,563,유플러스 티비와 연결이 안됩니다. 유플러스를 통해 네이버 클로바 스피커를 구매해야 한다네요,3
563,564,좋아요 좋아요 그리고 좋아요,3
564,565,만족합니다. 만족합니다.,5
565,566,AI스피커 중에 클로바가 제일 똑똑하다는 말을 듣고 선물용으로 구매했어요친구가 귀엽다고 맘에 들어해서 좋아요 bb,5
566,567,음성인식이 아주 좋다라고 말하긴 그래도 이정도면 그냥 쓸만하네요 아이들이 좋아합닏ㄱㆍ,4
567,568,배송겁나.빠르고~ 친구하나 생겻네요 ㅋㅋ,5
568,569,귀엽고 앙증맞네요 굳굳굳,5
569,570,하나 사용 중인데 선물하려고 또 샀어요 ㅎㅎ,5
570,571,너무귀여워요 ㅎ 똑똑하네요 음질도 좋아요,5
571,572,생각보다 기능이나 인식율이 별로네요,2
572,573,너무 이뻐용 받는 사람도 좋아하네요,5
573,574,정말 잘 구매한듯 ~ 쵝오 입니다 ^^,5
574,575,굉장히 좋아요~ ai 기능도 쵝오!!!!,5
575,576,너무귀여워요아이도 좋아하네요,5
576,577,배송도 빠르고 너무 귀여워요,5
577,578,"뭔가 말을 인식할때도 있고 못할때도 있고, 기기가 불량인지",3
578,579,좋습니다. 귀여워요 미니언,5
579,580,배송도 빠르고 잘 받았어요,5
580,581,감사합니다 너무좋아요,5
581,582,미니언즈 귀여워요!,5
582,583,친구에게 선물 했는데 너무 너무 좋아하네요 육아의 필수템이에요,5
583,584,아무 이상없이 잘 작동합니다. 견고해요 ㅎㅎ,5
584,585,우리 아기가 너무 좋아하네요~ 감사합니다.,5
585,586,여자친구 선물로 줬는데 정말 좋아합니다,4
586,587,말도 잘 알아듣고 괜찮습ㄴ다 귀여워요,5
587,588,아이 위해 샀는데 많이 좋아하네요,5
588,589,조카가 많이 좋아하네요!!!,4
589,590,너무좋은제품같아요.,5
590,591,와우 신세계~~~~^^ 뒤늦게 ㅋㅋ아이 동요이제 편하게 들려줄수 있어 넘나 좋네요,5
591,592,브라운으로 구매했었는데맘에 들어서 미니언즈 또 구매했어요!,4
592,593,5살딸아이가 너무좋아해요^^아이 이름까지 불러주니 저도 기분이좋네요♡,5
593,594,전 원래 샐리야 사용자입니다. 친구에게 선물로 주었는데 기존 샐리와 비교할수없을 정도로 귀여워요. 넘넘 귀엽네요 ^^,5
594,595,선물로 주려고 샀는데...아직 전해 주지 못했지만...좋아 할것 같네요...,4
595,596,넘 귀엽고 똑똑합니다. ㅋㅋ 미니언즈 목소리도 되니 ㅋㅋ 재밋어요,5
596,597,너무 예쁘고 좋네요. 만족합니다~,5
597,598,배송도 빠르고 좋아요!,4
598,599,귀여워요 잘쓸게요 :),4
599,600,말귀를 잘알아들아요,5
